"","Loc_adresse_formated","Loc_country","Loc_state","Loc_county","Loc_city"
"1","Pole Green Nurseries and Plant Centre, 41 Chorley Lane, Charnock Richard, PR7 5NH, United Kingdom","United Kingdom","England","Lancashire","Charnock Richard"
"2","R Gomes De Amorim 31-33, 4490-641 Póvoa de Varzim, Portugal","Portugal","Porto","Póvoa de Varzim","R Gomes De Amorim 31-33, 4490-641 Póvoa de Varzim, Portugal"
"3","51 Waterfield Road, City of Edinburgh, EH10 6TG, United Kingdom","United Kingdom","Scotland","City of Edinburgh","City of Edinburgh"
"4","Pct Mar A Vista 8, 2640-046 Teresa Lourenço, Portugal","Portugal","Lisbon","Teresa Lourenço","Pct Mar A Vista 8, 2640-046 Teresa Lourenço, Portugal"
"5","Inwood Fitness Trail, London, TW3 1XX, United Kingdom","United Kingdom","England","Greater London","London"
"6","Via 4 Novembre, 36, 24010 Sedrina BG, Italy","Italy","Lombardy","Bergamo","Sedrina"
"7","The Green, Hambleton, DL7 9PZ, United Kingdom","United Kingdom","England","North Yorkshire","Hambleton"
"8","2830-140 Barreiro, Portugal","Portugal","Setúbal","Barreiro","2830-140 Barreiro, Portugal"
"9","Via della Strage, 12, 06063 Magione PG, Italy","Italy","Umbria","Perugia","Magione"
"10","Bolesława Chrobrego 3b, 87-100 Toruń, Poland","Poland","Kujawsko-pomorskie","Austronesian languages","Toruń"
"11","8 Hummingbird Close, Exeter, EX1 3QZ, United Kingdom","United Kingdom","England","Devon","Exeter"
"12","R Garcia De Orta 26 G, 2800-698 Almada, Portugal","Portugal","Setúbal District","Almada","R Garcia De Orta 26 G, 2800-698 Almada, Portugal"
"13","1 Rugby Road, Belfast, United Kingdom","United Kingdom","Northern Ireland","Belfast","Belfast"
"14","Goirkekanaaldijk 40-01, 5046 AT Tilburg, Netherlands","Netherlands","North Brabant","Tilburg","Goirkekanaaldijk 40-01, 5046 AT Tilburg, Netherlands"
"15","23 Rue Du Cimetière, 67280 Niederhaslach, France","France","Great East","Bas-Rhin","Niederhaslach"
"16","Pct Quinta Bispo 87, 4560-885 Penafiel, Portugal","Portugal","Porto","Penafiel","Pct Quinta Bispo 87, 4560-885 Penafiel, Portugal"
"17","The Botanic Garden of Brera, Via Borgonuovo, 20121 Milan MI, Italy","Italy","Lombardy","Milan","Milan"
"18","Świętojerska 24, 00-202 Warsaw, Poland","Poland","Masovian Voivodeship","Warszawa","Warsaw"
"19","Żeliwna 26e, 40-599 Katowice, Poland","Poland","Silesian Voivodeship","Katowice","Katowice"
"20","U Botanické Zahrady 859/2, 779 00 Olomouc, Czechia","Czechia","Olomouc","Olomouc","U Botanické Zahrady 859/2, 779 00 Olomouc, Czechia"
"21","Zemgales iela 20, Olaine, LV-2114, Latvia","Latvia","Vidzeme","Olaine parish","Olaine"
"22","4779 Brookfield Drive, Sacramento, CA 95823, United States of America","United States","California","Sacramento County","Sacramento"
"23","1571 Creekside Drive, Folsom, CA 95630, United States of America","United States","California","Sacramento County","Folsom"
"24","Giardino delle Arti, Viale Primo Maggio, 1023 Turin Torino, Italy","Italy","Piemont","Torino","Turin"
"25","R Cap Ten Oliveira E Carmo 31, 2580-493 Carregado, Portugal","Portugal","Lisbon","Carregado","R Cap Ten Oliveira E Carmo 31, 2580-493 Carregado, Portugal"
"26","Bickley Park Cricket Club, Bickley Park Road, London, BR1 2AY, United Kingdom","United Kingdom","England","Greater London","London"
"27","Piazza Della Vittoria, 11, 16121 Genoa GE, Italy","Italy","Liguria","Genova","Genoa"
"28","Edbrooke Road Gardens, London, W9 2DE, United Kingdom","United Kingdom","England","Greater London","London"
"29","R Tiago Da Silva Santos 107 A, 2625-234 Póvoa de Santa Iria, Portugal","Portugal","Lisbon","Póvoa de Santa Iria","R Tiago Da Silva Santos 107 A, 2625-234 Póvoa de Santa Iria, Portugal"
"30","R Lagares 66, 1100-297 Lisbon, Portugal","Portugal","Lisbon","Lisbon","R Lagares 66, 1100-297 Lisbon, Portugal"
"31","Generała Władysława Sikorskiego 45, 40-282 Katowice, Poland","Poland","Silesian Voivodeship","Katowice","Katowice"
"32","Ocean Parkway, New York, NY 11224, United States of America","United States","New York","New York","Ocean Parkway, New York, NY 11224, United States of America"
"33","Boulevard De La Cluse 91, 1205 Geneva, Switzerland","Switzerland","Geneva","Genève","Geneva"
"34","818 Cedar Avenue, Sunnyvale, CA 94086-5128, United States of America","United States","California","Santa Clara County","Sunnyvale"
"35","Park im. ks. Bronisława Kabata, Gdansk, Poland","Poland","Pomorskie","Gdańsk","Gdansk"
"36","Myśliwska 50, 30-718 Krakow, Poland","Poland","Lesser Poland Voivodeship","Kraków","Krakow"
"37","Via della Strage, 12, 06063 Magione PG, Italy","Italy","Umbria","Perugia","Magione"
"38","Χαριλάου Τρικούπη 35, 106 81 Athens, Greece","Greece","Attica","Regional Unit of Central Athens","Athens"
"39","Parque do Mercado, Rua Luís de Camões, 4780-365 Santo Tirso, Portugal","Portugal","Porto","Santo Tirso","Parque do Mercado, Rua Luís de Camões, 4780-365 Santo Tirso, Portugal"
"40","R Francisco Arruda Furtado 6, 9500-060 Ponta Delgada (São Sebastião), Portugal","Portugal","Azores","Ponta Delgada (São Sebastião)","R Francisco Arruda Furtado 6, 9500-060 Ponta Delgada (São Sebastião), Portugal"
"41","Winn Farm, 57 Summer Street, Arlington, MA 02174, United States of America","United States","Massachusetts","Middlesex County","Arlington"
"42","Anfiteatro Club Náutico, Paseo de Echegaray y Caballero, 101, 50001 Zaragoza, Spain","Spain","Aragon","Zaragoza","Zaragoza"
"43","Manor Rise, Maidstone, ME14 4DB, United Kingdom","United Kingdom","England","Kent","Maidstone"
"44","Χαριλάου Τρικούπη 35, 106 81 Athens, Greece","Greece","Attica","Regional Unit of Central Athens","Athens"
"45","Most średnicowy, Wybrzeże Szczecińskie, 03-724 Warsaw, Poland","Poland","Masovian Voivodeship","Warszawa","Warsaw"
"46","Avenida Doutor Manuel Gaspar de Lemos, 3081-997 Figueira da Foz, Portugal","Portugal","Coimbra","Figueira da Foz","Avenida Doutor Manuel Gaspar de Lemos, 3081-997 Figueira da Foz, Portugal"
"47","Dąbska 4, 62-650 Kłodawa, Poland","Poland","Greater Poland Voivodeship","Koło County","Kłodawa"
"48","Eugeniusza Romera 75A, 20-487 Lublin, Poland","Poland","Lublin Voivodeship","Lublin","Eugeniusza Romera 75A, 20-487 Lublin, Poland"
"49","Herbert & Herbert Pharmacy, 88 High Street, Clapham, MK41 6BW, United Kingdom","United Kingdom","England","Bedfordshire","Clapham"
"50","Δ/νση Πολιτικής Προστασίας ΠΑΜΘ, Φιλίππου 82, 691 00 East Macedonia and Thrace, Greece","Greece","East Macedonia and Thrace","Δ/νση Πολιτικής Προστασίας ΠΑΜΘ, Φιλίππου 82, 691 00 East Macedonia and Thrace, Greece","Greece"
"51","River Yare, Marlingford and Colton, United Kingdom","United Kingdom","England","Norfolk","Marlingford and Colton"
"52","Χαριλάου Τρικούπη 35, 106 81 Athens, Greece","Greece","Attica","Regional Unit of Central Athens","Athens"
"53","Medvědárium, Pod Zámkem, 272 01 Kladno, Czechia","Czechia","Central Bohemia","Kladno","Medvědárium, Pod Zámkem, 272 01 Kladno, Czechia"
"54","4088 Falls Ridge Drive, Alpharetta, GA 30022, United States of America","United States","Georgia","Fulton County","Alpharetta"
"55","Henryka Sienkiewicza 20, 64-300 Gmina Nowy Tomyśl, Poland","Poland","Greater Poland","Nowy Tomyśl","Gmina Nowy Tomyśl"
"56","Garažna hiša Kongresni trg, Slovenska cesta, 1102 Ljubljana, Slovenia","Slovenia","Ljubljana","Garažna hiša Kongresni trg, Slovenska cesta, 1102 Ljubljana, Slovenia","Slovenia"
"57","Πλατεία, Φιλίππου, 546 35 Thessaloniki Municipal Unit, Greece","Greece","Macedonia and Thrace","Thessaloniki Regional Unit","Thessaloniki Municipal Unit"
"58","Norra Vallgatan 66, 211 22 Malmo, Sweden","Sweden","Scania","Malmo","Malmo"
"59","Lg Cruzeiro 40, 4590-204 Figueiró, Portugal","Portugal","Porto","Figueiró","Lg Cruzeiro 40, 4590-204 Figueiró, Portugal"
"60","Woodchurch, Upton, North West England, ENG, United Kingdom","United Kingdom","England","North West England","Upton"
"61","Themsvej 20, 8240 Aarhus, Denmark","Denmark","Central Jutland","Aarhus","Themsvej 20, 8240 Aarhus, Denmark"
"62","1 Rugby Road, Belfast, United Kingdom","United Kingdom","Northern Ireland","Belfast","Belfast"
"63","Rzeźnicka 22, 32-700 Bochnia, Poland","Poland","Lesser Poland Voivodeship","Bochnia County","Bochnia"
"64","Tyskie Browary Książęce, Mikołowska 17, 43-100 Tychy, Poland","Poland","Silesian Voivodeship","Górnośląsko-Zagłębiowska Metropolia","Tychy"
"65","Zabłocie 27, 30-701 Krakow, Poland","Poland","Lesser Poland Voivodeship","Krakow","Zabłocie 27, 30-701 Krakow, Poland"
"66","Calle la Mezquita, 20620 Alhaurín de la Torre, Spain","Spain","Andalusia","Valle del Guadalhorce","Alhaurín de la Torre"
"67","Slug and Lettuce, 1 Low Ousegate, York, YO1 9QU, United Kingdom","United Kingdom","England","North Yorkshire","York"
"68","Kunszentmárton, Szent István király utca, 5440, Hungary","Hungary","Great Plain and North","Jász-Nagykun-Szolnok","Kunszentmárton"
"69","Bolesława Chrobrego 9, 40-881 Katowice, Poland","Poland","Silesian Voivodeship","Górnośląsko-Zagłębiowska Metropolia","Katowice"
"70","Most średnicowy, Wybrzeże Szczecińskie, 03-724 Warsaw, Poland","Poland","Masovian Voivodeship","Warszawa","Warsaw"
"71","4038 Pickford Way, Modesto, CA 95356, United States of America","United States","California","Stanislaus County","Modesto"
"72","17A Everton Terrace, Kelburn, New Zealand","New Zealand","Wellington Region","Wellington City","Kelburn"
"73","Łanowa 52, 80-777 Gdansk, Poland","Poland","Pomorskie","Gdańsk","Gdansk"
"74","Common Lane, South Staffordshire, ST17 0SB, United Kingdom","United Kingdom","England","Staffordshire","South Staffordshire"
"75","Wita Stwosza 7, 40-040 Katowice, Poland","Poland","Silesian Voivodeship","Górnośląsko-Zagłębiowska Metropolia","Katowice"
"76","Marczukowska 8, 15-724 Bialystok, Poland","Poland","Podlaskie","Białystok","Bialystok"
"77","R Senhora Do Postigo 14, 3500-200 Viseu, Portugal","Portugal","Viseu","Viseu","R Senhora Do Postigo 14, 3500-200 Viseu, Portugal"
"78","Włóczka, Świętokrzyska 30, 00-116 Warsaw, Poland","Poland","Mazowieckie","Warszawa","Warsaw"
"79","Aqua Neroniana, Piazza di Porta Maggiore, 00185 Rome RM, Italy","Italy","Lazio","Roma Capitale","Rome"
"80","Korty, Aleja Kasztanowa, 02-796 Warsaw, Poland","Poland","Masovian Voivodeship","Warsaw","Korty, Aleja Kasztanowa, 02-796 Warsaw, Poland"
"81","R D Leonor De Freitas 4, 4400-123 Vila Nova de Gaia, Portugal","Portugal","Porto","Vila Nova de Gaia","R D Leonor De Freitas 4, 4400-123 Vila Nova de Gaia, Portugal"
"82","42032 Pyli Municipality, Greece","Greece","Thessaly and Central Greece","Trikala Regional Unit","Pyli Municipality"
"83","Most średnicowy, Wybrzeże Szczecińskie, 03-724 Warsaw, Poland","Poland","Masovian Voivodeship","Warszawa","Warsaw"
"84","Clark Ádám tér, Budapest, 1011, Hungary","Hungary","Central Hungary","Budapest","Budapest"
"85","Plaza del Ángel, 6, 28012 Madrid, Spain","Spain","Community of Madrid","Madrid","Plaza del Ángel, 6, 28012 Madrid, Spain"
"86","Hillside Health Centre, Tanhouse Road, Skelmersdale, United Kingdom","United Kingdom","England","Lancashire","Skelmersdale"
"87","Szeged, Széchenyi tér, 6720, Hungary","Hungary","Southern Great Plain","Csongrád-Csanád County","Szeged"
"88","Χαριλάου Τρικούπη 35, 106 81 Athens, Greece","Greece","Attica","Regional Unit of Central Athens","Athens"
"89","Most średnicowy, Wybrzeże Szczecińskie, 03-724 Warsaw, Poland","Poland","Masovian Voivodeship","Warszawa","Warsaw"
"90","Cardiff Castle and Roman Fort, Kingsway, Cardiff, CF, United Kingdom","United Kingdom","Wales","Cardiff","Cardiff"
"91","Gyömrő, József Attila utca 33, 2230, Hungary","Hungary","Central Hungary","Pest","Gyömrő"
"92","Centralne Muzeum Włókiennictwa, Piotrkowska 282/284, 90-361 Łódź, Poland","Poland","Łódź Voivodeship","Łódź","Centralne Muzeum Włókiennictwa, Piotrkowska 282/284, 90-361 Łódź, Poland"
"93","Centro Comercial Dom Dinis, Rua de Santo António, 5000-643 Vila Real, Portugal","Portugal","Vila Real","Vila Real","Centro Comercial Dom Dinis, Rua de Santo António, 5000-643 Vila Real, Portugal"
"94","Świętojerska 24, 00-202 Warsaw, Poland","Poland","Masovian Voivodeship","Warszawa","Warsaw"
"95","39 Bibury Avenue, Nelson Mandela Bay, Gqeberha, South Africa","South Africa","Eastern Cape","Nelson Mandela Bay","Gqeberha"
"96","Černokostelecká 1180/98, 100 00 Prague, Czechia","Czechia","Prague","Prague","Černokostelecká 1180/98, 100 00 Prague, Czechia"
"97","Club Football Estrela da Amadora, Avenida Doutor José Pontes, 2720-228 Amadora, Portugal","Portugal","Lisbon","Amadora","Club Football Estrela da Amadora, Avenida Doutor José Pontes, 2720-228 Amadora, Portugal"
"98","Χαριλάου Τρικούπη 35, 106 81 Athens, Greece","Greece","Attica","Regional Unit of Central Athens","Athens"
"99","16 Market Street, Cheltenham, GL50 3QN, United Kingdom","United Kingdom","England","Gloucestershire","Cheltenham"
"100","Jardim 5 de Outubro, Praça 5 de Outubro, 2870-273 Montijo, Portugal","Portugal","Setúbal","Montijo","Jardim 5 de Outubro, Praça 5 de Outubro, 2870-273 Montijo, Portugal"
"101","Carrer d'Aragó, 08001 Barcelona, Spain","Spain","Catalonia","Barcelona","Barcelona"
"102","Mill Dam, Kirkby, United Kingdom","United Kingdom","England","Merseyside","Kirkby"
"103","Santa Lucia, Wettingerstrasse 29, 5400 Baden, Switzerland","Switzerland","Aargau","Bezirk Baden","Baden"
"104","Manor Floods Local Nature Reserve, Mason Road, Erewash, DE7 9LP, United Kingdom","United Kingdom","England","Derbyshire","Erewash"
"105","Pizzarte, Rua Engenheiro Von Haff 27, 3800-177 Aveiro, Portugal","Portugal","Aveiro","Aveiro","Aveiro"
"106","Żabia Ścieżka 6, 50-422 Wrocław, Poland","Poland","dolnoslaskie","Wrocław","Wrocław"
"107","Wolności, 41-800 Zabrze, Poland","Poland","Silesian Voivodeship","Górnośląsko-Zagłębiowska Metropolia","Zabrze"
"108","Johannes Huslaan 22, 1216 RB Hilversum, Netherlands","Netherlands","North Holland","Hilversum","Johannes Huslaan 22, 1216 RB Hilversum, Netherlands"
"109","Garažna hiša Kongresni trg, Slovenska cesta, 1102 Ljubljana, Slovenia","Slovenia","Ljubljana","Garažna hiša Kongresni trg, Slovenska cesta, 1102 Ljubljana, Slovenia","Slovenia"
"110","Park Square, Sheffield, S2 5AY, United Kingdom","United Kingdom","England","South Yorkshire","Sheffield"
"111","Karlova sadam, Rebase, 50104 Tartu, Estonia","Estonia","Tartu","Tartu maakond","Tartu"
"112","Av Pedro Álvares Cabral 29, 7005-175 Evora, Portugal","Portugal","Évora","Evora","Av Pedro Álvares Cabral 29, 7005-175 Evora, Portugal"
"113","Avenida dos Aliados, 4000-067 Porto, Portugal","Portugal","Porto","Porto","Porto"
"114","Lieutenant Colonel John By, South Bank, London, ENG, United Kingdom","United Kingdom","England","Greater London","London"
"115","Avenida dos Aliados, 4000-067 Porto, Portugal","Portugal","Porto","Porto","Porto"
"116","Complexo de Ténis da Maia, Avenida Luís de Camões, 4470-233 Cidade da Maia, Portugal","Portugal","Porto","Porto","Cidade da Maia"
"117","Fábafém Ipari és Kereskedelmi Kft, Mezőberény, Békési út 42, 5650, Hungary","Hungary","Southern Great Plain","Bekes","Mezőberény"
"118","Av Buhaira La, S/N, 41018 Seville, Spain","Spain","Andalusia","Seville","Seville"
"119","Świętojerska 24, 00-202 Warsaw, Poland","Poland","Masovian Voivodeship","Warszawa","Warsaw"
"120","Πλατεία, Φιλίππου, 546 35 Thessaloniki Municipal Unit, Greece","Greece","Macedonia and Thrace","Thessaloniki Regional Unit","Thessaloniki Municipal Unit"
"121","Nooruse 49, 93816 Kuressaare, Estonia","Estonia","Saare","Saaremaa","Kuressaare"
"122","Wexler-Grant Community School, 55 Foote Street, New Haven, CT 06511, United States of America","United States","Connecticut","New Haven County","New Haven"
"123","1936 East Alto Lane, Fullerton, CA 92831, United States of America","United States","California","Orange County","Fullerton"
"124","Grób rodziny Skornickich 1898, Dworcowa 36a, 62-045 Pniewy, Poland","Poland","Greater Poland Voivodeship","Szamotuły County","Pniewy"
"125","R Judite Sobral Garrido 3, 2615-118 Alverca do Ribatejo, Portugal","Portugal","Lisbon","Alverca do Ribatejo","R Judite Sobral Garrido 3, 2615-118 Alverca do Ribatejo, Portugal"
"126","St Peter's RC School, Belle Vue Crescent, Wick, BH6 4AH, United Kingdom","United Kingdom","England","Bournemouth, Christchurch and Poole","Wick"
"127","R Pulido Valente 22, 2675-672 Serra da Luz, Portugal","Portugal","Lisbon","Serra da Luz","R Pulido Valente 22, 2675-672 Serra da Luz, Portugal"
"128","Eugeniusza Kwiatkowskiego 28c, 40-824 Katowice, Poland","Poland","Silesian Voivodeship","Katowice","Katowice"
"129","4274 Red Hawk Drive Southeast, Rochester, MN 55904, United States of America","United States","Minnesota","Olmsted County","Rochester"
"130","Gabriela Narutowicza 45, 64-100 Leszno, Poland","Poland","Greater Poland","Leszczyński","Leszno"
"131","Generała Leopolda Okulickiego 1a, 32-800 Brzesko, Poland","Poland","Lesser Poland Voivodeship","Brzesko County","Brzesko"
"132","Via della Strage, 12, 06063 Magione PG, Italy","Italy","Umbria","Perugia","Magione"
"133","Forest School, 2 College Place, London, E17, United Kingdom","United Kingdom","England","Greater London","London"
"134","Χαριλάου Τρικούπη 35, 106 81 Athens, Greece","Greece","Attica","Regional Unit of Central Athens","Athens"
"135","22421 9th Avenue SE, Bothell, WA 98021, United States of America","United States","Washington","Snohomish County","Bothell"
"136","R Ramalho Ortigão 31, 4445-579 Ermesinde, Portugal","Portugal","Porto","Ermesinde","R Ramalho Ortigão 31, 4445-579 Ermesinde, Portugal"
"137","1520 Johnson Road NW, Atlanta, GA 30318, United States of America","United States","Georgia","Fulton County","Atlanta"
"138","Warszawska 7A, 62-025 Kostrzyn, Poland","Poland","Greater Poland","Poznański","Kostrzyn"
"139","R Lagares 66, 1100-297 Lisbon, Portugal","Portugal","Lisbon","Lisbon","R Lagares 66, 1100-297 Lisbon, Portugal"
"140","Estr Nacional 18, 6200-030 Covilha, Portugal","Portugal","Castelo Branco","Covilha","Estr Nacional 18, 6200-030 Covilha, Portugal"
"141","Łąkowa 23, 59-216 Grzybiany, Poland","Poland","Lower Silesian Voivodeship","Legnica County","Grzybiany"
"142","Avenida dos Aliados, 4000-067 Porto, Portugal","Portugal","Porto","Porto","Porto"
"143","Pembridge (130), 31 Princes Street, Auckland Central, New Zealand","New Zealand","Auckland Region","Auckland","Auckland Central"
"144","Mariotteplein 80, 1098 PA Amsterdam, Netherlands","Netherlands","North Holland","Amsterdam","Mariotteplein 80, 1098 PA Amsterdam, Netherlands"
"145","Natal Road Allotments, Natal Road, Brighton and Hove, United Kingdom","United Kingdom","England","East Sussex","Brighton and Hove"
"146","R Eng João Carlos Castro Reis 6, 2330-167 Entroncamento, Portugal","Portugal","Santarém","Entroncamento","R Eng João Carlos Castro Reis 6, 2330-167 Entroncamento, Portugal"
"147","Ózd Városkerti Óvodák - Alkotmány Úti Tagóvodája, Ózd, Alkotmány út 2, 3600, Hungary","Hungary","Northern Hungary","Borsod-Abaúj-Zemplén","Ózd"
"148","West Loop South, Bellaire, TX 77401, United States of America","United States","Texas","Harris County","Bellaire"
"149","Clark Ádám tér, Budapest, 1011, Hungary","Hungary","Central Hungary","Budapest","Budapest"
"150","Estr Nacional 18, 6200-030 Covilha, Portugal","Portugal","Castelo Branco","Covilha","Estr Nacional 18, 6200-030 Covilha, Portugal"
"151","Ιπποκράτειο Ιωαννίνων, Fotou Tzavella 4-10, 453 33 Ioannina, Greece","Greece","Epirus and Western Macedonia","Ioannina Regional Unit","Ioannina"
"152","Jana Matejki 2, 32-400 Myślenice, Poland","Poland","Lesser Poland Voivodeship","Myślenicki","Myślenice"
"153","Charlestown Road, Charlestown, PL25 3FA, United Kingdom","United Kingdom","England","Cornwall","Charlestown"
"154","Park Sienkiewicza, 90-009 Łódź, Poland","Poland","Łódź Voivodeship","Łódź","Łódź"
"155","1400 East Plaza Boulevard, National City, CA 91950, United States of America","United States","California","San Diego County","National City"
"156","90-105 Łódź, Poland","Poland","Łódź Voivodeship","Łódź","90-105 Łódź, Poland"
"157","Taverna Zampia, Σταμαθιουδάκη 20, 7410 Rethymno, Greece","Greece","Crete","Rethymno Regional Unit","Rethymno"
"158","R D Francisco De Almeida 5, 2860-070 Alhos Vedros, Portugal","Portugal","Setúbal District","Alhos Vedros","R D Francisco De Almeida 5, 2860-070 Alhos Vedros, Portugal"
"159","R Garcia De Orta 26 G, 2800-698 Almada, Portugal","Portugal","Setúbal District","Almada","R Garcia De Orta 26 G, 2800-698 Almada, Portugal"
"160","Černokostelecká 1180/98, 100 00 Prague, Czechia","Czechia","Prague","Prague","Černokostelecká 1180/98, 100 00 Prague, Czechia"
"161","Staw Dąbski, Aleja Pokoju, 31-564 Krakow, Poland","Poland","Lesser Poland Voivodeship","Krakow","Staw Dąbski, Aleja Pokoju, 31-564 Krakow, Poland"
"162","1954 63rd Street, New York, NY 11204, United States of America","United States","New York","Kings County","New York"
"163","306 Gardenia Way, Buffalo Grove, IL 60089, United States of America","United States","Illinois","Lake County","Buffalo Grove"
"164","Stadion piłkarski Nafty Chorkówka, Bieszczadzka, 38-458 Zręcin, Poland","Poland","Subcarpathian Voivodeship","Krosno County","Zręcin"
"165","Sycamore Canyon Park, 22930 Golden Springs Drive, Diamond Bar, CA 91765, United States of America","United States","California","Los Angeles County","Diamond Bar"
"166","Via della Strage, 12, 06063 Magione PG, Italy","Italy","Umbria","Perugia","Magione"
"167","Avenida dos Aliados, 4000-067 Porto, Portugal","Portugal","Porto","Porto","Porto"
"168","527 South Street, Quincy, MA 02169, United States of America","United States","Massachusetts","Norfolk County","Quincy"
"169","Pestana Miramar","Pestana Miramar","Pestana Miramar","Pestana Miramar","Pestana Miramar"
"170","33 East Dominion Boulevard, Columbus, OH 43214, United States of America","United States","Ohio","Franklin County","Columbus"
"171","3101 Macarthur Road, Whitehall, PA 18052, United States of America","United States","Pennsylvania","Lehigh County","Whitehall"
"172","1 Place Du Château, 78600 Maisons-Laffitte, France","France","Ile-of-France","Yvelines","Maisons-Laffitte"
"173","Avenida dos Aliados, 4000-067 Porto, Portugal","Portugal","Porto","Porto","Porto"
"174","Avenida das Tílias, 3000-104 Coimbra, Portugal","Portugal","Coimbra","Coimbra","Avenida das Tílias, 3000-104 Coimbra, Portugal"
"175","R D Leonor De Freitas 4, 4400-123 Vila Nova de Gaia, Portugal","Portugal","Porto","Vila Nova de Gaia","R D Leonor De Freitas 4, 4400-123 Vila Nova de Gaia, Portugal"
"176","28 Severin Street, Brampton, ON L6R 3C3, Canada","Canada","Ontario","Peel Region","Brampton"
"177","Feliksa Nowowiejskiego 57, 61-734 Poznań, Poland","Poland","Greater Poland Voivodeship","Poznań","Feliksa Nowowiejskiego 57, 61-734 Poznań, Poland"
"178","Δημαρχείο Χαλκίδας, Φαρμακίδου 15, 341 00 Central Greece, Greece","Greece","Central Greece","Δημαρχείο Χαλκίδας, Φαρμακίδου 15, 341 00 Central Greece, Greece","Greece"
"179","Černokostelecká 1180/98, 100 00 Prague, Czechia","Czechia","Prague","Prague","Černokostelecká 1180/98, 100 00 Prague, Czechia"
"180","R Igreja 145, 4480-754 Vila do Conde, Portugal","Portugal","Porto","Vila do Conde","R Igreja 145, 4480-754 Vila do Conde, Portugal"
"181","Giardino delle Arti, Viale Primo Maggio, 1023 Turin Torino, Italy","Italy","Piemont","Torino","Turin"
"182","Πλατεία, Φιλίππου, 546 35 Thessaloniki Municipal Unit, Greece","Greece","Macedonia and Thrace","Thessaloniki Regional Unit","Thessaloniki Municipal Unit"
"183","Świętojerska 24, 00-202 Warsaw, Poland","Poland","Masovian Voivodeship","Warszawa","Warsaw"
"184","Πλατεία, Φιλίππου, 546 35 Thessaloniki Municipal Unit, Greece","Greece","Macedonia and Thrace","Thessaloniki Regional Unit","Thessaloniki Municipal Unit"
"185","Jardim da Avenida Central, Avenida Central 534, 4710-305 Braga, Portugal","Portugal","Braga","Braga","Jardim da Avenida Central, Avenida Central 534, 4710-305 Braga, Portugal"
"186","Quarry Lane Local Nature Reserve, Fuller Close, Mansfield, NG18 5AT, United Kingdom","United Kingdom","England","Nottinghamshire","Mansfield"
"187","183 Nicholas Avenue, New York, NY 10302, United States of America","United States","New York","Richmond County","New York"
"188","2134 Cropsey Avenue, New York, NY 11214, United States of America","United States","New York","Kings County","New York"
"189","Jardim da Avenida Central, Avenida Central 534, 4710-305 Braga, Portugal","Portugal","Braga","Braga","Jardim da Avenida Central, Avenida Central 534, 4710-305 Braga, Portugal"
"190","7774 Newington Woods Drive, Springfield, VA 22153, United States of America","United States","Virginia","Fairfax County","Springfield"
"191","Ražas iela 1, Jūrmala, LV-2008, Latvia","Latvia","Jurmala","Jūrmala","Ražas iela 1, Jūrmala, LV-2008, Latvia"
"192","Podwale 47, 50-039 Wrocław, Poland","Poland","dolnoslaskie","Wrocław","Wrocław"
"193","383 Washington Street, Middletown, CT 06457, United States of America","United States","Connecticut","Middlesex County","Middletown"
"194","Travessa Conde Santiago de Lobão, 3720-222 Oliveira de Azeméis, Portugal","Portugal","Aveiro","Oliveira de Azeméis","Travessa Conde Santiago de Lobão, 3720-222 Oliveira de Azeméis, Portugal"
"195","1954 63rd Street, New York, NY 11204, United States of America","United States","New York","Kings County","New York"
"196","101 Isaiah Ntshangase Road, Ethekwini, Durban, South Africa","South Africa","Kwazulu-Natal","eThekwini","Durban"
"197","100 South Street, New Providence, NJ 07974, United States of America","United States","New Jersey","Union County","New Providence"
"198","Galar Gdański, Doki 1, 80-863 Gdansk, Poland","Poland","Pomorskie","Gdańsk","Gdansk"
"199","10330 West Thunderbird Blvd C216, Sun City, AZ 85351, United States of America","United States","Arizona","Maricopa County","Sun City"
"200","Siewna 75, 10-830 Olsztyn, Poland","Poland","Warmian-Masurian Voivodeship","Olsztyn","Olsztyn"
"201","1900 Main Street, Huntington Beach, CA 92648, United States of America","United States","California","Orange County","Huntington Beach"
"202","Zamkowa 23, 39-450 Gmina Baranów Sandomierski, Poland","Poland","Podkarpackie","Tarnobrzeg County","Gmina Baranów Sandomierski"
"203","Zapopan Park, 3018 Charlotte Avenue, Rosemead, CA 91770, United States of America","United States","California","Los Angeles County","Rosemead"
"204","Campo do Sport Clube Sanjoanense, Rua João Nunes Resende, 2695-611 Loures, Portugal","Portugal","Lisbon","Loures","Campo do Sport Clube Sanjoanense, Rua João Nunes Resende, 2695-611 Loures, Portugal"
"205","Veisburg 13א, 76227 Rehovot, Israel","Israel","Center District","Rehovot Subdistrict","Rehovot"
"206","1730 Sagamore Parkway South, Lafayette, IN 47905, United States of America","United States","Indiana","Tippecanoe County","Lafayette"
"207","3020 Bickers Street, Dallas, TX 75212, United States of America","United States","Texas","Dallas County","Dallas"
"208","27 Dane Avenue, Somerville, MA 02143, United States of America","United States","Massachusetts","Middlesex County","Somerville"
"209","The Botanic Garden of Brera, Via Borgonuovo, 20121 Milan MI, Italy","Italy","Lombardy","Milan","Milan"
"210","Edwarda Brzozowskiego 2A, 41-600 Świętochłowice, Poland","Poland","Silesian Voivodeship","Górnośląsko-Zagłębiowska Metropolia","Świętochłowice"
"211","Tv Trem 9, 8800-735 Tavira Municipality, Portugal","Portugal","Faro","Tavira Municipality","Tv Trem 9, 8800-735 Tavira Municipality, Portugal"
"212","622 S Monon Trail, Carmel, IN 46032, United States of America","United States","Indiana","Hamilton County","Carmel"
"213","8520 New Salem Street, San Diego, CA 92126, United States of America","United States","California","San Diego County","San Diego"
"214","100 Edforth Way NW, Calgary, AB T3A 3V4, Canada","Canada","Alberta","Calgary","Calgary"
"215","872 Oneida Street, Denver, CO 80220, United States of America","United States","Colorado","Denver","872 Oneida Street, Denver, CO 80220, United States of America"
"216","Królowej Jadwigi 8, 67-100 Nowa Sól, Poland","Poland","Lubusz Voivodeship","Nowa Sól County","Nowa Sól"
"217","Galeria Siedlce, Józefa Piłsudskiego 74, 08-110 Siedlce, Poland","Poland","Masovian Voivodeship","Siedlce","Galeria Siedlce, Józefa Piłsudskiego 74, 08-110 Siedlce, Poland"
"218","Juliusza Słowackiego 3, 62-600 Koło, Poland","Poland","Greater Poland","Kolski","Koło"
"219","Wojska Polskiego 103/141, 91-720 Łódź, Poland","Poland","Łódź Voivodeship","Łódź","Łódź"
"220","8940 SW Rebecca Lane, Beaverton, OR 97008, United States of America","United States","Oregon","Washington County","Beaverton"
"221","Różana 3, 05-800 Pruszków, Poland","Poland","Mazowieckie","Pruszków","Pruszków"
"222","R Lagares 66, 1100-297 Lisbon, Portugal","Portugal","Lisbon","Lisbon","R Lagares 66, 1100-297 Lisbon, Portugal"
"223","Πλατεία, Φιλίππου, 546 35 Thessaloniki Municipal Unit, Greece","Greece","Macedonia and Thrace","Thessaloniki Regional Unit","Thessaloniki Municipal Unit"
"224","10015 NE 4th Street, Bellevue, WA 98004, United States of America","United States","Washington","King County","Bellevue"
"225","Świętojańska 2, 61-113 Poznan, Poland","Poland","Greater Poland","Poznan","Poznan"
"226","Świętojerska 24, 00-202 Warsaw, Poland","Poland","Masovian Voivodeship","Warszawa","Warsaw"
"227","Cattle Market Street, Norwich, NR1 3DY, United Kingdom","United Kingdom","England","Norfolk","Norwich"
"228","Śniadeckich 15, 33-300 Nowy Sącz, Poland","Poland","Lesser Poland Voivodeship","Edmund Cieczkiewicz","Nowy Sącz"
"229","252 North Taylor Avenue, Saint Louis, MO 63108, United States of America","United States","Missouri","Saint Louis","252 North Taylor Avenue, Saint Louis, MO 63108, United States of America"
"230","158 Del Rio Pike, Franklin, TN 37064, United States of America","United States","Tennessee","Williamson County","Franklin"
"231","R Lourinha 487, 4435-310 Rio Tinto, Portugal","Portugal","Porto","Rio Tinto","R Lourinha 487, 4435-310 Rio Tinto, Portugal"
"232","R Bombeiros Voluntarios 15, 2670-422 Loures, Portugal","Portugal","Lisbon","Loures","R Bombeiros Voluntarios 15, 2670-422 Loures, Portugal"
"233","4814 Abbott Avenue, Highland Park, TX 75205, United States of America","United States","Texas","Dallas County","Highland Park"
"234","1001 West Luzerne Street, Philadelphia, PA 19140, United States of America","United States","Pennsylvania","Philadelphia County","Philadelphia"
"235","89 Pleasant Street, Medfield, MA 02052, United States of America","United States","Massachusetts","Norfolk County","Medfield"
"236","Splash! La Mirada Regional Aquatics Center, 13806 La Mirada Boulevard, La Mirada, CA 90638, United States of America","United States","California","Los Angeles County","La Mirada"
"237","2 Essex Street, New York, NY 10002, United States of America","United States","New York","New York County","New York"
"238","Newport Harbout Care Centre, 20 Country Village Cove NE, Calgary, AB T3K 5T9, Canada","Canada","Alberta","Calgary","Calgary"
"239","1520 Johnson Road NW, Atlanta, GA 30318, United States of America","United States","Georgia","Fulton County","Atlanta"
"240","Cardiff Castle and Roman Fort, Kingsway, Cardiff, CF, United Kingdom","United Kingdom","Wales","Cardiff","Cardiff"
"241","Zapopan Park, 3018 Charlotte Avenue, Rosemead, CA 91770, United States of America","United States","California","Los Angeles County","Rosemead"
"242","Grand Lake – Oakland Farmers Market, Lake Park Avenue, Oakland, CA 94610, United States of America","United States","California","Alameda County","Oakland"
"243","Rotary Playgarden, Spring Street, San Jose, CA 95110-2007, United States of America","United States","California","Santa Clara County","San Jose"
"244","7439 West Dewey Drive, Spring Valley, NV 89113, United States of America","United States","Nevada","Clark County","Spring Valley"
"245","Greendale Golf Course, PowerLine Dirt Trail, Rose Hill, VA 22310-6299, United States of America","United States","Virginia","Fairfax County","Rose Hill"
"246","6471 Blue Poppy Drive, Elk Grove, CA 95757, United States of America","United States","California","Sacramento County","Elk Grove"
"247","Quince Mill Drive, North Potomac, MD 20878, United States of America","United States","Maryland","Montgomery County","North Potomac"
"248","9893 Blackwood Canyon Court, Enterprise, NV 89141, United States of America","United States","Nevada","Clark County","Enterprise"
"249","891 University Street, San Francisco, CA 94134.0, United States of America","United States","California","San Francisco County","San Francisco"
"250","3122 Hillside Landing Trail, Katy, TX 77494, United States of America","United States","Texas","Fort Bend County","Katy"
"251","4118 North Tonto Way, Prescott Valley, AZ 86314, United States of America","United States","Arizona","Yavapai County","Prescott Valley"
"252","160 West 1675 North, Layton, UT 84041, United States of America","United States","Utah","Davis County","Layton"
"253","40571 Ives Court, Fremont, CA 94538, United States of America","United States","California","Alameda County","Fremont"
"254","Colony Bend Elementary School, 2720 Planters Street, Sugar Land, TX 77479, United States of America","United States","Texas","Fort Bend County","Sugar Land"
"255","21 Highland Street, Milton, MA 02186, United States of America","United States","Massachusetts","Norfolk County","Milton"
"256","140 West Freistadt Road, Mequon, WI 53092, United States of America","United States","Wisconsin","Ozaukee County","Mequon"
"257","26 Munn Street, Barangaroo NSW 2000, Australia","Australia","New South Wales","Sydney","Barangaroo"
"258","2209 Parkland Way, Champaign, IL 61821, United States of America","United States","Illinois","Champaign County","Champaign"
"259","200 Pollock Road, State College, PA 16802, United States of America","United States","Pennsylvania","Centre County","State College"
"260","575 Piercy Road, San Jose, CA 95138-1204, United States of America","United States","California","Santa Clara County","San Jose"
"261","16755 Ella Boulevard, Houston, TX 77090, United States of America","United States","Texas","Harris County","Houston"
"262","21 Blanchard Street, Rockland, MA 02371, United States of America","United States","Massachusetts","Plymouth County","Rockland"
"263","1126 Haight Street, San Francisco, CA 94117, United States of America","United States","California","San Francisco County","San Francisco"
"264","2201 South Pinehurst Place, Ontario, CA 91761, United States of America","United States","California","San Bernardino County","Ontario"
"265","357 Grand Highland Way, Mississauga, ON L4Z 3V1, Canada","Canada","Ontario","Peel","Mississauga"
"266","Mathias Botanical Garden, Hilgard Avenue, Los Angeles, CA 90024, United States of America","United States","California","Los Angeles County","Los Angeles"
"267","6302 Berkshire Lane North, Maple Grove, MN 55311, United States of America","United States","Minnesota","Hennepin County","Maple Grove"
"268","Saint Joseph's School, Miramonte Avenue, Mountain View, CA 94039, United States of America","United States","California","Santa Clara County","Mountain View"
"269","8520 New Salem Street, San Diego, CA 92126, United States of America","United States","California","San Diego County","San Diego"
"270","5502 Cherry Ridge Road, Richmond, TX 77406, United States of America","United States","Texas","Fort Bend County","Richmond"
"271","27624 Crazy Horse Drive, San Antonio, TX 78260, United States of America","United States","Texas","Bexar County","San Antonio"
"272","Baseball field, Layne Road, Somerset, NJ 08873, United States of America","United States","New Jersey","Somerset County","Baseball field, Layne Road, Somerset, NJ 08873, United States of America"
"273","3754 Timahoe Circle, Nottingham, MD 21236, United States of America","United States","Maryland","Baltimore County","Nottingham"
"274","1936 Municipal Road 80, Sudbury, ON, Canada","Canada","Ontario","Greater Sudbury / Grand Sudbury","Sudbury"
"275","4779 Brookfield Drive, Sacramento, CA 95823, United States of America","United States","California","Sacramento County","Sacramento"
"276","527 South Street, Quincy, MA 02169, United States of America","United States","Massachusetts","Norfolk County","Quincy"
"277","1703 East Fourteenth Street, Greenville, NC, United States of America","United States","North Carolina","Pitt County","Greenville"
"278","40571 Ives Court, Fremont, CA 94538, United States of America","United States","California","Alameda County","Fremont"
"279","Mascot Oval, O'Riordan Street, Mascot NSW 2020, Australia","Australia","New South Wales","Bayside Council","Sydney"
"280","2509 South 21st Street, Philadelphia, PA 19145, United States of America","United States","Pennsylvania","Philadelphia County","Philadelphia"
"281","163 Pennsylvania Avenue, Flemington, NJ 08822, United States of America","United States","New Jersey","Hunterdon County","Flemington"
"282","7900 Birchmount Road, Markham, ON L3R 3S1, Canada","Canada","Ontario","York","Markham"
"283","Sunset Valley Golf Course, Foley Fishing Pond Trail, Highland Park, IL 60035, United States of America","United States","Illinois","Lake County","Highland Park"
"284","1242 New Smyrna Drive, Allen, TX 75013, United States of America","United States","Texas","Collin County","Allen"
"285","921 Monroe Street, Evanston, IL 60202, United States of America","United States","Illinois","Cook County","Evanston"
"286","627 Lomond Circle, San Ramon, CA, United States of America","United States","California","Contra Costa County","San Ramon"
"287","16214 Brookford Drive, Houston, TX 77059, United States of America","United States","Texas","Harris County","Houston"
"288","Garfield Square, Treat Avenue, San Francisco, CA 90103, United States of America","United States","California","San Francisco","Garfield Square, Treat Avenue, San Francisco, CA 90103, United States of America"
"289","66 Fox Chase Lane, Palmyra, VA 22963, United States of America","United States","Virginia","Fluvanna County","Palmyra"
"290","Thrasher Park, Davis Street, San Leandro, CA 94577, United States of America","United States","California","Alameda County","San Leandro"
"291","5101 West 99th Street, Oak Lawn, IL 60453, United States of America","United States","Illinois","Cook County","Oak Lawn"
"292","171 Riverside Drive, WA 6000, Australia","Australia","Western Australia","171 Riverside Drive, WA 6000, Australia","Australia"
"293","68 West 14th Street, Indianapolis, IN 46202, United States of America","United States","Indiana","Marion County","Indianapolis"
"294","176 Street, Surrey, BC V3S 8E7, Canada","Canada","British Columbia","Metro Vancouver Regional District","Surrey"
"295","15-52 Clintonville Street, New York, NY 11357, United States of America","United States","New York","New York","15-52 Clintonville Street, New York, NY 11357, United States of America"
"296","Ace rental cars, 50 Ross Smith Avenue, Mascot NSW, Australia","Australia","New South Wales","Botany Bay","Mascot"
"297","14831 Pierce Road, Saratoga, CA 95070, United States of America","United States","California","Santa Clara County","Saratoga"
"298","4632 Annhurst Road, Columbus, OH 43228, United States of America","United States","Ohio","Franklin County","Columbus"
"299","298 Highbrook Crescent, Kitchener, ON, Canada","Canada","Ontario","Waterloo","Kitchener"
"300","43148 Meadows Parkway, Temecula, CA 92592, United States of America","United States","California","Riverside County","Temecula"
"301","37316 Sequoia Road, Fremont, CA 94536, United States of America","United States","California","Alameda County","Fremont"
"302","1-9 鬼越一丁目, Ichikawa-shi, Chiba Prefecture 272-8501, Japan","Japan","Chiba Prefecture","Ichikawa","Ichikawa-shi"
"303","St Paul's Cemetery, Coventry, United Kingdom","United Kingdom","England","West Midlands","Coventry"
"304","2268 Greens Prairie Road West, College Station, TX 77845, United States of America","United States","Texas","Brazos County","College Station"
"305","Errwood Road/Avon Road, Errwood Road, Manchester, M19 1GE, United Kingdom","United Kingdom","England","Greater Manchester","Manchester"
"306","Tampere Hall, Yliopistonkatu 55, 33100 Tampere, Finland","Finland","Mainland Finland","Pirkanmaa","Tampere"
"307","Snow Park Restroom, 1930 Harrison Street, Oakland, CA 94612, United States of America","United States","California","Alameda County","Oakland"
"308","Viale Dalmazia, 3, 36100 Vicenza VI, Italy","Italy","Veneto","Vicenza","Vicenza"
"309","Café y Tapas, Plaza del Ayuntamiento, 18, 46002 Valencia, Spain","Spain","Valencian Community","Valencia","Valencia"
"310","Lewisham Gateway Phase 2, London, SE13 5AF, United Kingdom","United Kingdom","England","Greater London","London"
"311","Mosseveien 279, 1169 Oslo, Norway","Norway","Oslo","Oslo","Mosseveien 279, 1169 Oslo, Norway"
"312","9 Alpine Crescent, Gedling, NG4 3RX, United Kingdom","United Kingdom","England","Nottinghamshire","Gedling"
"313","94 Rotherfield Crescent, Brighton and Hove, United Kingdom","United Kingdom","England","East Sussex","Brighton and Hove"
"314","13236 SE 51st Place, Bellevue, WA 98006, United States of America","United States","Washington","King County","Bellevue"
"315","Eastham Sands, Liverpool, United Kingdom","United Kingdom","England","Merseyside","Liverpool"
"316","Rektorsgränd 7, Löddeköpinge, Sweden","Sweden","Scania","Kavlinge","Löddeköpinge"
"317","Marchantstraat 29, 5042 RG Tilburg, Netherlands","Netherlands","North Brabant","Tilburg","Marchantstraat 29, 5042 RG Tilburg, Netherlands"
"318","26 Munn Street, Barangaroo NSW 2000, Australia","Australia","New South Wales","Sydney","Barangaroo"
"319","Avenue Du Théâtre 6, 1005 Lausanne, Switzerland","Switzerland","Vaud","Vaud (unincorporated)","Lausanne"
"320","4801 Hamilton Avenue, Baltimore, MD 21206, United States of America","United States","Maryland","City of Baltimore","Baltimore"
"321","124 Calvert Road, Rockville, MD 20850, United States of America","United States","Maryland","Montgomery County","Rockville"
"322","22 Mill Dam Road, Smithtown, NY 11787, United States of America","United States","New York","Suffolk County","Smithtown"
"323","GARAGE North 18th Street, Lafayette, IN 47904, United States of America","United States","Indiana","Tippecanoe County","Lafayette"
"324","PURiNO, Am Schloss Gottesaue 4, 76131 Karlsruhe, Germany","Germany","Baden-Württemberg","Karlsruhe","Karlsruhe"
"325","Garten- und Friedhofsamt Betriebsstelle Bopserwaldstr. 3, Bopserwaldstraße 3, 70184 Stuttgart, Germany","Germany","Baden-Württemberg","Esslingen","Stuttgart"
"326","867 Barros Drive, Sacramento, CA 95835, United States of America","United States","California","Sacramento County","Sacramento"
"327","30 Shanley Street, Boston, MA 02135-3202, United States of America","United States","Massachusetts","Suffolk County","Boston"
"328","Wexler-Grant Community School, 55 Foote Street, New Haven, CT 06511, United States of America","United States","Connecticut","New Haven County","New Haven"
"329","Nicolaas Beetsplantsoen 1, 1053 GV Amsterdam, Netherlands","Netherlands","North Holland","Amsterdam","Nicolaas Beetsplantsoen 1, 1053 GV Amsterdam, Netherlands"
"330","05N242 Prairie Lakes Boulevard, St. Charles, IL 60175, United States of America","United States","Illinois","Kane County","St. Charles"
"331","1315 Sullivan Avenue, South Windsor, CT 06074, United States of America","United States","Connecticut","Hartford County","South Windsor"
"332","Cathedral Square, Colmore Row, Birmingham, B3 2BS, United Kingdom","United Kingdom","England","West Midlands Combined Authority","Birmingham"
"333","3117 Everts Avenue, Windsor, ON, Canada","Canada","Ontario","Essex","Windsor"
"334","251 Old Colony Road, Richmond Hill, ON L4E 5B9, Canada","Canada","Ontario","York","Richmond Hill"
"335","Beneluxlaan 900C, 3526 KK Utrecht, Netherlands","Netherlands","Utrecht","Utrecht","Beneluxlaan 900C, 3526 KK Utrecht, Netherlands"
"336","1670 28th Avenue, San Francisco, CA 94122-1515, United States of America","United States","California","San Francisco","1670 28th Avenue, San Francisco, CA 94122-1515, United States of America"
"337","10015 NE 4th Street, Bellevue, WA 98004, United States of America","United States","Washington","King County","Bellevue"
"338","1120 North French Road, Buffalo, NY 14228, United States of America","United States","New York","Erie County","Buffalo"
"339","Bagan Park, Southwest Verde Terrace, Tigard, OR 97223, United States of America","United States","Oregon","Washington County","Tigard"
"340","Lincoln Park Golf Course, 36th Avenue, San Francisco, CA 94121, United States of America","United States","California","San Francisco","Lincoln Park Golf Course, 36th Avenue, San Francisco, CA 94121, United States of America"
"341","3025 Ebano Drive, Walnut Creek, CA 94598, United States of America","United States","California","Contra Costa County","Walnut Creek"
"342","Campus for Ageing and Vitality, Westgate Road, Newcastle upon Tyne, NE4 9AQ, United Kingdom","United Kingdom","England","Tyne and Wear","Newcastle upon Tyne"
"343","401 Hunters Point Boulevard, San Francisco, CA 94124.0, United States of America","United States","California","San Francisco County","San Francisco"
"344","33044 Marsh Hawk Road, Union City, CA 94587, United States of America","United States","California","Alameda County","Union City"
"345","The Sportsman, 23 The Street, Sholden, CT14 0AL, United Kingdom","United Kingdom","England","Kent","Sholden"
"346","2499 Stone Crest Drive, Austin, TX 78704, United States of America","United States","Texas","Travis County","Austin"
"347","1427 West West Covina Parkway, West Covina, CA 91790, United States of America","United States","California","Los Angeles County","West Covina"
"348","7831 West Granito Drive, Los Angeles, CA 90046, United States of America","United States","California","Los Angeles County","Los Angeles"
"349","Pembridge (130), 31 Princes Street, Auckland Central, New Zealand","New Zealand","Auckland Region","Auckland","Auckland Central"
"350","2535 North Eastern Avenue, Los Angeles, CA 90032, United States of America","United States","California","Los Angeles County","Los Angeles"
"351","54-06 Woodside Avenue, New York, NY 11377, United States of America","United States","New York","Queens County","New York"
"352","87 Alberti Aisle, Irvine, CA 92614, United States of America","United States","California","Orange County","Irvine"
"353","Lancer Tennis Courts, Taconic Road, Livingston, NJ 07039, United States of America","United States","New Jersey","Essex County","Livingston"
"354","6348 Robins Nest, San Antonio, TX 78249, United States of America","United States","Texas","Bexar County","San Antonio"
"355","800 Bethesda School Road, Lawrenceville, GA 30044, United States of America","United States","Georgia","Gwinnett County","Lawrenceville"
"356","Parkhill Junior High School, 16500 Shadybank Drive, Dallas, TX 75248, United States of America","United States","Texas","Dallas County","Dallas"
"357","Amandus Adamsoni 6, 10137 Tallinn, Estonia","Estonia","Harju","Harju maakond","Tallinn"
"358","6535 Stanton Avenue, Pittsburgh, PA 15206, United States of America","United States","Pennsylvania","Allegheny County","Pittsburgh"
"359","13634 108th Avenue NE, Kirkland, WA 98034, United States of America","United States","Washington","King County","Kirkland"
"360","1108 North Felton Court, Chicago, IL 60610, United States of America","United States","Illinois","Cook County","Chicago"
"361","304 Lamartine Street, Boston, MA 02130, United States of America","United States","Massachusetts","Suffolk County","Boston"
"362","2711 South Adams Street, Marion, IN 46953, United States of America","United States","Indiana","Grant County","Marion"
"363","Clark Ádám tér, Budapest, 1011, Hungary","Hungary","Central Hungary","Budapest","Budapest"
"364","1917 East Washington Street, East Peoria, IL 61611, United States of America","United States","Illinois","Tazewell County","East Peoria"
"365","Quail Valley La Quinta Course, Carnoustie Drive, Missouri City, TX 77459, United States of America","United States","Texas","Fort Bend County","Missouri City"
"366","Winn Farm, 57 Summer Street, Arlington, MA 02174, United States of America","United States","Massachusetts","Middlesex County","Arlington"
"367","1 Victoria Street, Bristol, BS1 6AA, United Kingdom","United Kingdom","England","Bristol","Bristol"
"368","Sycamore Canyon Park, 22930 Golden Springs Drive, Diamond Bar, CA 91765, United States of America","United States","California","Los Angeles County","Diamond Bar"
"369","The Dasses, City of Edinburgh, EH8 8HG, United Kingdom","United Kingdom","Scotland","City of Edinburgh","The Dasses, City of Edinburgh, EH8 8HG, United Kingdom"
"370","Garten- und Friedhofsamt Betriebsstelle Bopserwaldstr. 3, Bopserwaldstraße 3, 70184 Stuttgart, Germany","Germany","Baden-Württemberg","Esslingen","Stuttgart"
"371","Worthington Dog Park, Hillsborough Road, Ellicott City, MD 21043, United States of America","United States","Maryland","Howard County","Ellicott City"
"372","Zapopan Park, 3018 Charlotte Avenue, Rosemead, CA 91770, United States of America","United States","California","Los Angeles County","Rosemead"
"373","1645 17th Street, San Francisco, CA 94107.0, United States of America","United States","California","San Francisco County","San Francisco"
"374","31 London Circuit, City ACT 2601, Australia","Australia","Australian Capital Territory","City","31 London Circuit, City ACT 2601, Australia"
"375","4429 Cherry Tree Lane, Sykesville, MD 21784, United States of America","United States","Maryland","Carroll County","Sykesville"
"376","165 Brookside Avenue, Hershey, PA 17033, United States of America","United States","Pennsylvania","Dauphin County","Hershey"
"377","2414 West Lunt Avenue, Chicago, IL 60645, United States of America","United States","Illinois","Cook County","Chicago"
"378","CubeSmart, 2990 Cropsey Avenue, New York, NY 11214, United States of America","United States","New York","Kings County","New York"
"379","817 Rue Manoogian, Montreal, QC H4L 5H8, Canada","Canada","Quebec","Urban agglomeration of Montreal","Montreal"
"380","6530 4 Avenue, New York, NY 11220, United States of America","United States","New York","Kings County","New York"
"381","1974-7 法林寺, Toyama Prefecture, Japan","Japan","Toyama Prefecture","Nanto","1974-7 法林寺, Toyama Prefecture, Japan"
"382","Watkins Middle School, 4800 Cairnvillage Street, Houston, TX 77084, United States of America","United States","Texas","Harris County","Houston"
"383","Copthorne Hotel Commodore, Christchurch Central 8011, New Zealand","New Zealand","Canterbury Region","Christchurch City","Christchurch Central"
"384","527 Bullingham Lane, Allen, TX 75002, United States of America","United States","Texas","Collin County","Allen"
"385","7904 East Altair Lane, Anaheim, CA 92808, United States of America","United States","California","Orange County","Anaheim"
"386","5910 Terremont Circle, Norcross, GA 30093, United States of America","United States","Georgia","Gwinnett County","Norcross"
"387","Clark Ádám tér, Budapest, 1011, Hungary","Hungary","Central Hungary","Budapest","Budapest"
"388","Balboa High School, Oneida Avenue, San Francisco, CA 94112, United States of America","United States","California","San Francisco","Balboa High School, Oneida Avenue, San Francisco, CA 94112, United States of America"
"389","3005 Via Venezia, Henderson, NV 89052, United States of America","United States","Nevada","Clark County","Henderson"
"390","891 University Street, San Francisco, CA 94134.0, United States of America","United States","California","San Francisco County","San Francisco"
"391","Galapo Playground, New York, NY 11229, United States of America","United States","New York","Kings County","New York"
"392","300 East Cheyenne Mountain Boulevard, Colorado Springs, CO 80906, United States of America","United States","Colorado","El Paso County","Colorado Springs"
"393","benches, Ithaca, NY 14850, United States of America","United States","New York","Tompkins County","Ithaca"
"394","300 Woodland Street, Pekin, IL, United States of America","United States","Illinois","Tazewell County","Pekin"
"395","401 North East Silver Lake Road, Traverse City, MI 49685, United States of America","United States","Michigan","Grand Traverse County","Traverse City"
"396","1 Davy Road, Cambridge, CB1 3QW, United Kingdom","United Kingdom","England","Cambridgeshire","Cambridge"
"397","805 Ferry Road, Lower, NJ, United States of America","United States","New Jersey","Cape May County","Lower"
"398","Hoover Recreation Center, Los Angeles, CA 90007, United States of America","United States","California","Los Angeles County","Los Angeles"
"399","47647 Lyman Drive, Calcutta, OH 43920, United States of America","United States","Ohio","Columbiana County","Calcutta"
"400","8404 207th Place NE, Arlington, WA 98223, United States of America","United States","Washington","Snohomish County","Arlington"
"401","10 Cornell Street, Williston Park, NY 11596, United States of America","United States","New York","Nassau County","Williston Park"
"402","1759 Bellevue Avenue, Durham, NC 27705, United States of America","United States","North Carolina","Durham County","Durham"
"403","9893 Blackwood Canyon Court, Enterprise, NV 89141, United States of America","United States","Nevada","Clark County","Enterprise"
"404","Free Field Walking Trail, Ashland, OH, United States of America","United States","Ohio","Ashland County","Ashland"
"405","8008 Temple Park Road, Fair Oaks, CA 95628, United States of America","United States","California","Sacramento County","Fair Oaks"
"406","1989 NC-39, Franklin County, NC, United States of America","United States","North Carolina","Franklin County","1989 NC-39, Franklin County, NC, United States of America"
"407","3814 Stonewall Terrace Southeast, Vinings, GA 30339, United States of America","United States","Georgia","Cobb County","Vinings"
"408","Bolesława Chrobrego 3b, 87-100 Toruń, Poland","Poland","Kujawsko-pomorskie","Austronesian languages","Toruń"
"409","1304 Mclees Road, Anderson, SC 29621, United States of America","United States","South Carolina","Anderson County","Anderson"
"410","1127 NE U.S. 20 Business, Lincoln County, OR, United States of America","United States","Oregon","Lincoln County","1127 NE U.S. 20 Business, Lincoln County, OR, United States of America"
"411","706 Buccaneer Court, Silver Spring, MD 20904, United States of America","United States","Maryland","Montgomery County","Silver Spring"
"412","Lotos - Kawiarnia i galeria, Władysława Broniewskiego 6, 58-400 Kamienna Góra, Poland","Poland","dolnoslaskie","Kamienna Góra","Kamienna Góra"
"413","445 Beaver Street, Franklin Town, MA 02038, United States of America","United States","Massachusetts","Norfolk County","Franklin Town"
"414","2100 West 11th Street, Houston, TX 77008, United States of America","United States","Texas","Harris County","Houston"
"415","Parkhill Junior High School, 16500 Shadybank Drive, Dallas, TX 75248, United States of America","United States","Texas","Dallas County","Dallas"
"416","504 S Lake Drive, Lexington, SC 29072, United States of America","United States","South Carolina","Lexington County","Lexington"
"417","1070 Center Street, Muskegon, MI 49442, United States of America","United States","Michigan","Muskegon County","Muskegon"
"418","Diestelmeiersweg 25, 28201 Bremen, Germany","Germany","Free Hanseatic City of Bremen","Bremen","Bremen"
"419","Reza's Pitch, 304 East Front Avenue, Bismarck, ND 58504, United States of America","United States","North Dakota","Burleigh County","Bismarck"
"420","200 1st Street, Springtown, TX 76082, United States of America","United States","Texas","Parker County","Springtown"
"421","211 Cascade Street, Elyria, OH 44035, United States of America","United States","Ohio","Lorain County","Elyria"
"422","7092 Columbus Road, Quincy, IL 62305, United States of America","United States","Illinois","Adams County","Quincy"
"423","272 South Acacia Street, San Dimas, CA 91773, United States of America","United States","California","Los Angeles County","San Dimas"
"424","141 Riverside Drive, Athens, GA 30606, United States of America","United States","Georgia","Athens-Clarke County","Athens"
"425","Pennyrile Parkway, Henderson, KY 42420, United States of America","United States","Kentucky","Henderson County","Henderson"
"426","1806 West Haddon Avenue, Chicago, IL 60622, United States of America","United States","Illinois","Cook County","Chicago"
"427","824 Northwest 50th Street, Lawton, OK 73505, United States of America","United States","Oklahoma","Comanche County","Lawton"
"428","16 Waverly Court, Lakewood, NJ 08701, United States of America","United States","New Jersey","Ocean County","Lakewood"
"429","2211 South 10th Street, Grand Forks, ND 58201, United States of America","United States","North Dakota","Grand Forks County","Grand Forks"
"430","197 Middle Country Road, Middle Island, NY 11953, United States of America","United States","New York","Suffolk County","Middle Island"
"431","Simoni Softball Field, Rudkin Way, Stockton, CA 95204, United States of America","United States","California","San Joaquin County","Stockton"
"432","114 Overview Lane, Cary, NC 27511, United States of America","United States","North Carolina","Wake County","Cary"
"433","Dumke Field, Downington Avenue, Salt Lake City, UT 84105, United States of America","United States","Utah","Salt Lake County","Salt Lake City"
"434","347 Ga Hwy 126, Bleckley County, GA, United States of America","United States","Georgia","Bleckley County","347 Ga Hwy 126, Bleckley County, GA, United States of America"
"435","1001 Nora Porter Loop, Port Townsend, WA 98368, United States of America","United States","Washington","Jefferson County","Port Townsend"
"436","6120 Smoke Ranch Road, Las Vegas, NV, United States of America","United States","Nevada","Clark County","Las Vegas"
"437","2636 Coffee Pot Boulevard NE, St. Petersburg, FL 33704, United States of America","United States","Florida","Pinellas County","St. Petersburg"
"438","499 Nathan Dean Boulevard, Dallas, GA 30132, United States of America","United States","Georgia","Paulding County","Dallas"
"439","El Prado Park, 6428 South 19th Avenue, Phoenix, AZ 85041, United States of America","United States","Arizona","Maricopa County","Phoenix"
"440","1733 Mckees Rocks Road, McKees Rocks, PA 15136, United States of America","United States","Pennsylvania","Allegheny County","McKees Rocks"
"441","2001 West Palmer Boulevard, Chicago, IL 60647, United States of America","United States","Illinois","Cook County","Chicago"
"442","8791 Lake Court Lane, Cedar Bluff, TN 37923, United States of America","United States","Tennessee","Knox County","8791 Lake Court Lane, Cedar Bluff, TN 37923, United States of America"
"443","1989 NC-39, Franklin County, NC, United States of America","United States","North Carolina","Franklin County","1989 NC-39, Franklin County, NC, United States of America"
"444","1229 Winding Willow Court, Kissimmee, FL 34746, United States of America","United States","Florida","Osceola County","Kissimmee"
"445","Beechwood Golf Course, La Porte, IN 4350, United States of America","United States","Indiana","LaPorte County","La Porte"
"446","23826 Birnam Wood Boulevard, Spring, TX 77373, United States of America","United States","Texas","Harris County","Spring"
"447","1103 Highgate Road, Wilmington, DE 19808, United States of America","United States","Delaware","New Castle County","Wilmington"
"448","51 West Park Avenue, Coeur d'Alene, ID 83815, United States of America","United States","Idaho","Kootenai County","Coeur d'Alene"
"449","19121 North 19th Place, Phoenix, AZ 85024, United States of America","United States","Arizona","Maricopa County","Phoenix"
"450","5317 Cliffside Circle, Ventura, CA 93003, United States of America","United States","California","Ventura County","Ventura"
"451","8214 Princeton Square Boulevard East, Jacksonville, FL 32256, United States of America","United States","Florida","Duval County","Jacksonville"
"452","Walmart Supercenter, 7520 Garners Ferry Road, Columbia, SC 29209, United States of America","United States","South Carolina","Richland County","Columbia"
"453","Seward Hill Preserve, Main Street, Chester, NJ 07930, United States of America","United States","New Jersey","Morris County","Chester"
"454","2150 South Byrne Road, Toledo, OH 43614, United States of America","United States","Ohio","Lucas County","Toledo"
"455","Livingston Bathouse, 242 Hooksett Road, Manchester, NH 03104, United States of America","United States","New Hampshire","Hillsborough County","Manchester"
"456","Adama Mickiewicza 27, 26-610 Radom, Poland","Poland","Mazowieckie","Radom","Radom"
"457","Minot Ross Bird Sanctuary, NH 101, Amherst, NH 03110, United States of America","United States","New Hampshire","Hillsborough County","Amherst"
"458","44 Irving Street, Pryor Creek, OK 74361, United States of America","United States","Oklahoma","Mayes County","Pryor Creek"
"459","Memorial School, 300 West Stewart Street, Washington, NJ 07882, United States of America","United States","New Jersey","Warren County","Washington"
"460","2098 Monte Carlo Trail, Orlando, FL 32805, United States of America","United States","Florida","Orange County","Orlando"
"461","Thurston Middle School, Thurston Road, Springfield, OR 97478, United States of America","United States","Oregon","Lane County","Springfield"
"462","111 Pennsylvania Avenue, San Diego, CA 92103, United States of America","United States","California","San Diego County","San Diego"
"463","18605 South Woodberry Road, Reno County, KS, United States of America","United States","Kansas","Reno County","18605 South Woodberry Road, Reno County, KS, United States of America"
"464","Softball Field, Charles Street, Westborough, MA 01581, United States of America","United States","Massachusetts","Worcester County","Westborough"
"465","Plain Township Fire Dept Station 121, 9500 Johnstown Road, New Albany, OH 43054, United States of America","United States","Ohio","Franklin County","New Albany"
"466","2825 Sharon Hill Road, Dover, DE 19904, United States of America","United States","Delaware","Kent County","Dover"
"467","Manchester South Junior Soccer League, 103 Driving Park Road, Manchester, NH 03103, United States of America","United States","New Hampshire","Hillsborough County","Manchester"
"468","156 Curtis Court, Pittsburgh, PA 15237, United States of America","United States","Pennsylvania","Allegheny County","Pittsburgh"
"469","Rockwell Avenue, Blanchard, OK 73010, United States of America","United States","Oklahoma","McClain County","Blanchard"
"470","Washington Pk EB @ Whittle Springs, Washington Pike, Knoxville, TN 37917, United States of America","United States","Tennessee","Knox County","Knoxville"
"471","Washington Pk EB @ Whittle Springs, Washington Pike, Knoxville, TN 37917, United States of America","United States","Tennessee","Knox County","Knoxville"
"472","Fritz Burns Park Community Pool, Avenida Bermudas, La Quinta, CA 92253, United States of America","United States","California","Riverside County","La Quinta"
"473","Office Sports Bar & Grill, 1919 West Iles Avenue, Springfield, IL 62704, United States of America","United States","Illinois","Sangamon County","Springfield"
"474","5423 Roose Street, Lincoln, NE 68506, United States of America","United States","Nebraska","Lancaster County","Lincoln"
"475","1 Michelle Place, Irving, TX, United States of America","United States","Texas","Dallas County","Irving"
"476","781 East Gamebird Road, Pahrump, NV, United States of America","United States","Nevada","Nye County","Pahrump"
"477","8700 East University Drive, Mesa, AZ 85207, United States of America","United States","Arizona","Maricopa County","Mesa"
"478","331 Carpenter Drive, Fairborn, OH 45324, United States of America","United States","Ohio","Greene County","Fairborn"
"479","33 East Dominion Boulevard, Columbus, OH 43214, United States of America","United States","Ohio","Franklin County","Columbus"
"480","Page Field, 151 The Great Road, Bedford, MA 01730, United States of America","United States","Massachusetts","Middlesex County","Bedford"
"481","450 Park Avenue, Collingswood, NJ 08108, United States of America","United States","New Jersey","Camden County","Collingswood"
"482","2243 Gray Goose Loop, Woodlea, NC 28306, United States of America","United States","North Carolina","Cumberland County","2243 Gray Goose Loop, Woodlea, NC 28306, United States of America"
"483","7472 Hazel Avenue, Maplewood, MO 63143, United States of America","United States","Missouri","St. Louis County","Maplewood"
"484","859 Nocatee Parkway, Jacksonville, FL 32081, United States of America","United States","Florida","St. Johns County","Jacksonville"
"485","Gardner Cryogenics, Broad Street, Emmaus, PA 18049, United States of America","United States","Pennsylvania","Lehigh County","Emmaus"
"486","260 North Westfield Road, Madison, WI 53717, United States of America","United States","Wisconsin","Dane County","Madison"
"487","848 Cicero Road, Noblesville, IN 46060, United States of America","United States","Indiana","Hamilton County","Noblesville"
"488","15789 Virginia Court, Monroe, MI 48161, United States of America","United States","Michigan","Monroe County","Monroe"
"489","2 Bricknell Avenue, Kingston Upon Hull, HU5 4JS, United Kingdom","United Kingdom","England","East Riding of Yorkshire","Kingston Upon Hull"
"490","1759 Bellevue Avenue, Durham, NC 27705, United States of America","United States","North Carolina","Durham County","Durham"
"491","Lancer Tennis Courts, Taconic Road, Livingston, NJ 07039, United States of America","United States","New Jersey","Essex County","Livingston"
"492","603 Isham Street, New York, NY 10034, United States of America","United States","New York","New York County","New York"
"493","4921 Bellemeade Avenue, Evansville, IN 47715, United States of America","United States","Indiana","Vanderburgh County","Evansville"
"494","2098 Granger Avenue, Charlotte, NC 28208, United States of America","United States","North Carolina","Mecklenburg County","Charlotte"
"495","78 Ralston Avenue, Buffalo, NY 14217 2393, United States of America","United States","New York","Erie County","Buffalo"
"496","11065 Pacific Crest Place, Silverdale, WA 98383, United States of America","United States","Washington","Kitsap County","Silverdale"
"497","9016 West Ustick Road, Boise, ID 83704, United States of America","United States","Idaho","Ada County","Boise"
"498","4010 Rosemary Street, Chevy Chase, MD 20815, United States of America","United States","Maryland","Montgomery County","Chevy Chase"
"499","North Shiloh Road, Garland, TX 75044, United States of America","United States","Texas","Dallas County","Garland"
"500","14837 Parvin Road, Celina, TX, United States of America","United States","Texas","Denton County","Celina"
"501","Upper Vine Brook Conservation Area, Bennington Road, Lexington, MA 02420-2219, United States of America","United States","Massachusetts","Middlesex County","Lexington"
"502","1471 Three Mile Road NE, Grand Rapids, MI, United States of America","United States","Michigan","Kent County","Grand Rapids"
"503","8903 Brownsboro Road, Louisville, KY 40241, United States of America","United States","Kentucky","Jefferson County","Louisville"
"504","1132 Tudor Road, Oakwood, OH 45419, United States of America","United States","Ohio","Montgomery County","Oakwood"
"505","6212 South Mobile Avenue, Chicago, IL 60638, United States of America","United States","Illinois","Cook County","Chicago"
"506","229 Dula Springs Road, Weaverville, NC 28787, United States of America","United States","North Carolina","Buncombe County","Weaverville"
"507","1800 Marshall Road, Vacaville, CA 95687, United States of America","United States","California","Solano County","Vacaville"
"508","Galapo Playground, New York, NY 11229, United States of America","United States","New York","Kings County","New York"
"509","4549 Old Pond Drive, Plano, TX 75024, United States of America","United States","Texas","Collin County","Plano"
"510","Cr-1146, Powell County, KY 40380, United States of America","United States","Kentucky","Powell County","Cr-1146, Powell County, KY 40380, United States of America"
"511","795 East Berlin Road, York, PA 17408, United States of America","United States","Pennsylvania","York County","York"
"512","9439 Butler Road, Sauquoit, NY 13456, United States of America","United States","New York","Oneida County","Sauquoit"
"513","Ribbonwalk Nature Preserve, 4601 Nevin Road, Charlotte, NC 28269, United States of America","United States","North Carolina","Mecklenburg County","Charlotte"
"514","19 & 29-13-65, Colorado Springs, CO 80922, United States of America","United States","Colorado","El Paso County","Colorado Springs"
"515","5667 Landing Road, Elkridge, MD 21075, United States of America","United States","Maryland","Howard County","Elkridge"
"516","20 Brower Lane, Brick, NJ 08723, United States of America","United States","New Jersey","Ocean County","Brick"
"517","2408 South Senour Avenue, Chicago, IL 60608, United States of America","United States","Illinois","Cook County","Chicago"
"518","39000 Paseo Chaparro, Murrieta, CA 92562, United States of America","United States","California","Riverside County","Murrieta"
"519","16815 79th Avenue East, South Hill, WA 98375, United States of America","United States","Washington","Pierce County","South Hill"
"520","1215 Noton Court, Pflugerville, TX 78660, United States of America","United States","Texas","Travis County","Pflugerville"
"521","121 Marion Street, East Dublin, GA 31027, United States of America","United States","Georgia","Laurens County","East Dublin"
"522","20535 SW 86th Avenue, Tualatin, OR 97062, United States of America","United States","Oregon","Washington County","Tualatin"
"523","376 Harvey Vickers Road, Coffee County, GA, United States of America","United States","Georgia","Coffee County","376 Harvey Vickers Road, Coffee County, GA, United States of America"
"524","8185 East Stella Road, Tucson, AZ 85730, United States of America","United States","Arizona","Pima County","Tucson"
"525","State University of New York at Potsdam, 44 Pierrepont Avenue, Potsdam, NY 13676, United States of America","United States","New York","Saint Lawrence County","Potsdam"
"526","Tommy Miller Road, Abbeville County, SC 29638, United States of America","United States","South Carolina","Abbeville County","Tommy Miller Road, Abbeville County, SC 29638, United States of America"
"527","19353 Rd P, Fort Jennings, OH 45844, United States of America","United States","Ohio","Putnam County","Fort Jennings"
"528","Carver Park, 4242 North Carefree Circle, Colorado Springs, CO 80917, United States of America","United States","Colorado","El Paso County","Colorado Springs"
"529","Edwin O. Smith High School, 1235 Storrs Road, Storrs, CT 06268, United States of America","United States","Connecticut","Tolland County","Storrs"
"530","530 Grants Trail, Centerville, OH 45459, United States of America","United States","Ohio","Montgomery County","Centerville"
"531","1901 Fisher Road, Mechanicsburg, PA 17055, United States of America","United States","Pennsylvania","Cumberland County","Mechanicsburg"
"532","208 South Lakeshore Drive, Manahawkin, NJ 08050, United States of America","United States","New Jersey","Ocean County","Manahawkin"
"533","42455 Mount Hope Road, Ashburn, VA 20148, United States of America","United States","Virginia","Loudoun County","Ashburn"
"534","Washington Manor Middle School, Churchill Street, San Leandro, CA 94579, United States of America","United States","California","Alameda County","San Leandro"
"535","1100 Saint Andrews Road, Columbia, SC 29210, United States of America","United States","South Carolina","Richland County","Columbia"
"536","6898 West Kings Avenue, Glendale, AZ 85382, United States of America","United States","Arizona","Maricopa County","Glendale"
"537","205 Suiter Street, Village of Herkimer, NY 13350, United States of America","United States","New York","Herkimer County","Village of Herkimer"
"538","Wildhorse Golf Club, 2100 West Warm Springs Road, Henderson, NV 89014, United States of America","United States","Nevada","Clark County","Henderson"
"539","Carteret Community College, 3505 Arendell Street, Morehead City, NC 28557, United States of America","United States","North Carolina","Carteret County","Morehead City"
"540","Jefferson Square, Double Drive, Fredericksburg, VA 22401, United States of America","United States","Virginia","Fredericksburg","Jefferson Square, Double Drive, Fredericksburg, VA 22401, United States of America"
"541","114 7th Street, League City, TX 77573, United States of America","United States","Texas","Galveston County","League City"
"542","67 East 500 North, Lehi, UT 84043, United States of America","United States","Utah","Utah County","Lehi"
"543","508 West Flint Street, Davison, MI 48423, United States of America","United States","Michigan","Genesee County","Davison"
"544","Lake Champlain Community Sailing Center, 505 Lake Street, Burlington, VT 05401-4417, United States of America","United States","Vermont","Chittenden County","Burlington"
"545","76 Address Unassigned, Maple Grove, MN 55369, United States of America","United States","Minnesota","Hennepin County","Maple Grove"
"546","5269 East 18th Street, Tucson, AZ 85711, United States of America","United States","Arizona","Pima County","Tucson"
"547","709 Park Place, Conroe, TX 77301, United States of America","United States","Texas","Montgomery County","Conroe"
"548","4670 South Rockford Avenue East, Tulsa, OK 74105, United States of America","United States","Oklahoma","Tulsa County","Tulsa"
"549","3500 Dearborn Drive, Durham, NC 27704, United States of America","United States","North Carolina","Durham County","Durham"
"550","200 Pollock Road, State College, PA 16802, United States of America","United States","Pennsylvania","Centre County","State College"
"551","3193 Atando Road, Concord, NC 28025, United States of America","United States","North Carolina","Cabarrus County","Concord"
"552","18605 South Woodberry Road, Reno County, KS, United States of America","United States","Kansas","Reno County","18605 South Woodberry Road, Reno County, KS, United States of America"
"553","1215 Noton Court, Pflugerville, TX 78660, United States of America","United States","Texas","Travis County","Pflugerville"
"554","175 Cherry Street, Long Branch, NJ 07740, United States of America","United States","New Jersey","Monmouth County","Long Branch"
"555","1854 Hastings Avenue, East Cleveland, OH 44112, United States of America","United States","Ohio","Cuyahoga County","East Cleveland"
"556","5294 Central Church Road, Douglas County, GA, United States of America","United States","Georgia","Douglas County","5294 Central Church Road, Douglas County, GA, United States of America"
"557","610 North Us Highway 69, Huxley, IA 50124, United States of America","United States","Iowa","Story County","Huxley"
"558",NA,NA,NA,NA,NA
"559","Świętojerska 24, 00-202 Warsaw, Poland","Poland","Masovian Voivodeship","Warszawa","Warsaw"
"560","910 I Street, Sacramento, CA 95814, United States of America","United States","California","Sacramento County","Sacramento"
"561","475 Schissle Street, St. Marys, PA, United States of America","United States","Pennsylvania","Elk County","St. Marys"
"562","18605 South Woodberry Road, Reno County, KS, United States of America","United States","Kansas","Reno County","18605 South Woodberry Road, Reno County, KS, United States of America"
"563","2401 Genessee Street, Kansas City, MO 64108, United States of America","United States","Missouri","Jackson County","Kansas City"
"564","BOB WHITE DR Bob White Drive, Clarksville, TN 37042, United States of America","United States","Tennessee","Montgomery County","Clarksville"
"565","437 South Sycamore Street, Wilmington, DE 19805, United States of America","United States","Delaware","New Castle County","Wilmington"
"566","Livingston Bathouse, 242 Hooksett Road, Manchester, NH 03104, United States of America","United States","New Hampshire","Hillsborough County","Manchester"
"567","1520 Johnson Road NW, Atlanta, GA 30318, United States of America","United States","Georgia","Fulton County","Atlanta"
"568","Veterans Memorial Park, Floral Park, NY 11001, United States of America","United States","New York","Nassau County","Floral Park"
"569","32 Bay Avenue, East Quogue, NY 11942, United States of America","United States","New York","Suffolk County","East Quogue"
"570","Lutheran SeniorLife, 1323 Freedom Road, Cranberry Township, PA 16066, United States of America","United States","Pennsylvania","Butler County","Cranberry Township"
"571","4670 South Rockford Avenue East, Tulsa, OK 74105, United States of America","United States","Oklahoma","Tulsa County","Tulsa"
"572","8046 Hamilton Avenue, Cincinnati, OH 45231, United States of America","United States","Ohio","Hamilton County","Cincinnati"
"573","North Hollywood High School, Weddington Street, Los Angeles, CA 91601-3121, United States of America","United States","California","Los Angeles County","Los Angeles"
"574","520 East Newhall Avenue, Waukesha, WI 53186, United States of America","United States","Wisconsin","Waukesha County","Waukesha"
"575","Bulldog Stadium, West 19th Street, Nederland, TX 77627, United States of America","United States","Texas","Jefferson County","Nederland"
"576","2109 Klattenhoff Drive, Wells Branch, TX 78728, United States of America","United States","Texas","Travis County","Wells Branch"
"577","8109 Kathleen Road, Polk County, FL, United States of America","United States","Florida","Polk County","8109 Kathleen Road, Polk County, FL, United States of America"
"578","Ulica Stare Nalewki 4, 00-242 Warsaw, Poland","Poland","Mazowieckie","Warszawa","Warsaw"
"579","190 South High Street, Columbus, OH 43215, United States of America","United States","Ohio","Franklin County","Columbus"
"580","3545 Puentes Drive SE, Mountain View, NM 88030, United States of America","United States","New Mexico","Luna County","Mountain View"
"581","2225 Monier Avenue, Lithia Springs, GA 30122, United States of America","United States","Georgia","Douglas County","Lithia Springs"
"582","411 Green Swamp Road, Brunswick County, NC, United States of America","United States","North Carolina","Brunswick County","411 Green Swamp Road, Brunswick County, NC, United States of America"
"583","1500 Jefferson Way, Lynnwood, WA 98087, United States of America","United States","Washington","Snohomish County","Lynnwood"
"584","Eastmoreland Golf Course, Southeast Reed College Place, Portland, OR 97202, United States of America","United States","Oregon","Multnomah County","Portland"
"585","9105 Neponset Drive, Elk Grove, CA 95624, United States of America","United States","California","Sacramento County","Elk Grove"
"586","1002 Thompsonville Lane, Oak Grove, KY 42262, United States of America","United States","Kentucky","Christian County","Oak Grove"
"587","2201 NW 11th Street, Miami, FL 33125, United States of America","United States","Florida","Miami-Dade County","Miami"
"588","Legacy Golf Resort Phoenix, 6808 South 32nd Street, Phoenix, AZ 85042, United States of America","United States","Arizona","Maricopa County","Phoenix"
"589","1280 South 8th Street, El Centro, CA 92243, United States of America","United States","California","Imperial County","El Centro"
"590","Brownie Neighborhood Park, 10000 Brownie Drive, Austin, TX 78753, United States of America","United States","Texas","Travis County","Austin"
"591","4313 NW 54 Street, Coconut Creek, FL 33073, United States of America","United States","Florida","Broward County","Coconut Creek"
"592","1662 West Knoxville Street, Broken Arrow, OK 74012, United States of America","United States","Oklahoma","Tulsa County","Broken Arrow"
"593","Olive Grove Square Park, 42 Enchanted, Irvine, CA 92620, United States of America","United States","California","Orange County","Irvine"
"594","14710 Superior Road, Cleveland Heights, OH 44118, United States of America","United States","Ohio","Cuyahoga County","Cleveland Heights"
"595","Uttoxeter Road, Stone, ST15 8RA, United Kingdom","United Kingdom","England","Staffordshire","Stone"
"596","1711 Wise Drive, North Port, FL 34286, United States of America","United States","Florida","Sarasota County","North Port"
"597","1320 Northeast 29th Avenue, Minneapolis, MN 55418, United States of America","United States","Minnesota","Hennepin County","Minneapolis"
"598","2525 NW Kings Boulevard, Corvallis, OR 97330, United States of America","United States","Oregon","Benton County","Corvallis"
"599","1301 SE Tower Road, Lawton, OK, United States of America","United States","Oklahoma","Comanche County","Lawton"
"600","260 North Westfield Road, Madison, WI 53717, United States of America","United States","Wisconsin","Dane County","Madison"
"601","1700 Airport Road, Allentown, PA 18109, United States of America","United States","Pennsylvania","Lehigh County","Allentown"
"602","Baja Canyon, San Diego, CA 92115, United States of America","United States","California","San Diego County","San Diego"
"603","2944 Ark Royal Way, Lexington, KY 40503, United States of America","United States","Kentucky","Fayette County","Lexington"
"604","1325 Brighton Way, Lakeland, FL 33813, United States of America","United States","Florida","Polk County","Lakeland"
"605","17619 Eastland Street, Roseville, MI 48066, United States of America","United States","Michigan","Macomb County","Roseville"
"606","11003 Maccorkle Avenue SE, Charleston, WV 25315, United States of America","United States","West Virginia","Kanawha County","Charleston"
"607","106 Barrington Lane, Lewisville, TX 75067, United States of America","United States","Texas","Denton County","Lewisville"
"608","11115 North Nebraska Avenue, Tampa, FL 33612, United States of America","United States","Florida","Hillsborough County","Tampa"
"609","535 Bluerock Court, San Luis Obispo, CA 93401, United States of America","United States","California","San Luis Obispo County","San Luis Obispo"
"610","17738 Northwest Pioneer Road, Beaverton, OR 97006, United States of America","United States","Oregon","Washington County","Beaverton"
"611","1257 West Lancaster Avenue, Bryn Mawr, PA 19010, United States of America","United States","Pennsylvania","Montgomery County","Bryn Mawr"
"612","7831 West Granito Drive, Los Angeles, CA 90046, United States of America","United States","California","Los Angeles County","Los Angeles"
"613","Graceland Memorial Park, 4420 Southwest 8th Street, Miami, FL 33134, United States of America","United States","Florida","Miami-Dade County","Miami"
"614","3001 Covewood Street, High Point, NC 27265, United States of America","United States","North Carolina","Guilford County","High Point"
"615","1908 North Robinwood Drive, Muncie, IN 47304, United States of America","United States","Indiana","Delaware County","Muncie"
"616","8201 Gerber Road, Elk Grove, CA 95828, United States of America","United States","California","Sacramento County","Elk Grove"
"617","2101-35 Cecil B Moore Avenue, Philadelphia, PA 19121, United States of America","United States","Pennsylvania","Philadelphia County","Philadelphia"
"618","2295 Oakmont Way, Eugene, OR 97401, United States of America","United States","Oregon","Lane County","Eugene"
"619","5929 West 13000 South, Herriman, UT 84096, United States of America","United States","Utah","Salt Lake County","Herriman"
"620","Lairon College Preparatory Academy, 3975 Mira Loma Way, San Jose, CA 95111, United States of America","United States","California","Santa Clara County","San Jose"
"621","13702 Naomi Hollow Lane, Houston, TX 77082, United States of America","United States","Texas","Harris County","Houston"
"622","2123 SE Hogan Road, Gresham, OR 97080, United States of America","United States","Oregon","Multnomah County","Gresham"
"623","12139 Deana Street, El Monte, CA 91732, United States of America","United States","California","Los Angeles County","El Monte"
"624","W6587 County Highway P, Pardeeville, WI 53954, United States of America","United States","Wisconsin","Columbia County","Pardeeville"
"625","4911 Woodcliff Hill Road, West Bloomfield, MI 48323, United States of America","United States","Michigan","Oakland County","West Bloomfield"
"626","18605 South Woodberry Road, Reno County, KS, United States of America","United States","Kansas","Reno County","18605 South Woodberry Road, Reno County, KS, United States of America"
"627","Spring Garden Community Garden, North 18th Street, Philadelphia, PA 19130, United States of America","United States","Pennsylvania","Philadelphia County","Philadelphia"
"628","176 Main Street, Southbridge, MA 01550, United States of America","United States","Massachusetts","Worcester County","Southbridge"
"629","2030 Chicago Avenue, Minneapolis, MN 55404, United States of America","United States","Minnesota","Hennepin County","Minneapolis"
"630","53 Whitford Street, Boston, MA 02131, United States of America","United States","Massachusetts","Suffolk County","Boston"
"631","Sijpestein 1, 1083 XH Amsterdam, Netherlands","Netherlands","North Holland","Amsterdam","Sijpestein 1, 1083 XH Amsterdam, Netherlands"
"632","1954 63rd Street, New York, NY 11204, United States of America","United States","New York","Kings County","New York"
"633","6101 North Neva Avenue, Chicago, IL 60631, United States of America","United States","Illinois","Cook County","Chicago"
"634","83-12 35th Avenue, New York, NY 11372, United States of America","United States","New York","Queens County","New York"
"635","12510 Brookshire Avenue, Downey, CA 90242, United States of America","United States","California","Los Angeles County","Downey"
"636","833 Piikoi Street, Honolulu, HI 96814, United States of America","United States","Hawaii","Honolulu","Honolulu"
"637","700 Radio Road, San Mateo County, CA 94014, United States of America","United States","California","San Mateo County","700 Radio Road, San Mateo County, CA 94014, United States of America"
"638","Spar, 4 Mantle Road, London, SE4 2EX, United Kingdom","United Kingdom","England","Greater London","London"
"639","12525 East Rita Road, Tucson, AZ 85747, United States of America","United States","Arizona","Pima County","Tucson"
"640","2750 South Wexley Road, Bloomington, IN 47401.0, United States of America","United States","Indiana","Monroe County","Bloomington"
"641","12100 Landsdowne, Houston, TX 77035, United States of America","United States","Texas","Harris County","Houston"
"642","9229 Shore Road, New York, NY 11209, United States of America","United States","New York","Kings County","New York"
"643","404 Cranbury Road, East Brunswick, NJ 08816, United States of America","United States","New Jersey","Middlesex County","East Brunswick"
"644",NA,NA,NA,NA,NA
"645","8831 Southwest Barbur Court, Portland, OR 97219, United States of America","United States","Oregon","Multnomah County","Portland"
"646","Balboa High School, Oneida Avenue, San Francisco, CA 94112, United States of America","United States","California","San Francisco","Balboa High School, Oneida Avenue, San Francisco, CA 94112, United States of America"
"647","Innisfree Garden, 362 Tyrrel Road, Millbrook, NY 12545, United States of America","United States","New York","Dutchess County","Millbrook"
"648","228 Valley Street, Providence, RI 02901, United States of America","United States","Rhode Island","Providence County","Providence"
"649","Hancock Elementary School, 1520 Arch Street, Norristown, PA 19401, United States of America","United States","Pennsylvania","Montgomery County","Norristown"
"650","City University of New York College of Staten Island, 2800 Victory Boulevard, New York, NY 10314, United States of America","United States","New York","New York","City University of New York College of Staten Island, 2800 Victory Boulevard, New York, NY 10314, United States of America"
"651","Carrer d'Aragó, 08001 Barcelona, Spain","Spain","Catalonia","Barcelona","Barcelona"
"652","Community Garden, Meadowbrook Avenue, Ridgewood, NJ 07450, United States of America","United States","New Jersey","Bergen County","Ridgewood"
"653","Galapo Playground, New York, NY 11229, United States of America","United States","New York","Kings County","New York"
"654","1160 Cromwell Avenue, New York, NY 10452, United States of America","United States","New York","Bronx County","New York"
"655","Colony Bend Elementary School, 2720 Planters Street, Sugar Land, TX 77479, United States of America","United States","Texas","Fort Bend County","Sugar Land"
"656","100 Grove Avenue, Metuchen, NJ 08840, United States of America","United States","New Jersey","Middlesex County","Metuchen"
"657","2 Essex Street, New York, NY 10002, United States of America","United States","New York","New York County","New York"
"658","Harry S Truman  Middle School, Tullock Street, Fontana, CA 92337, United States of America","United States","California","San Bernardino County","Fontana"
"659","1400 Cottman Avenue, Philadelphia, PA 19111, United States of America","United States","Pennsylvania","Philadelphia County","Philadelphia"
"660","Town Hall, 45 Swanston Street, Melbourne VIC 3000, Australia","Australia","Victoria","Melbourne","Town Hall, 45 Swanston Street, Melbourne VIC 3000, Australia"
"661","608b Royal Beech Drive, Waterloo, ON, Canada","Canada","Ontario","Waterloo","Waterloo"
"662","2134 South Palm Avenue, Alhambra, CA 91803, United States of America","United States","California","Los Angeles County","Alhambra"
